customer_id,qtd_pedidos,valor_total,media_avaliacao,ultima_compra,dias_desde_ultima_compra,churn
f7398fc942c8fa80e5419ae52e49f7fb,1,56.86,2,2018-04-15,2628,1
d0b0b2dd8bdaf36ebea19c232b4e986b,1,83.42,5,2018-06-08,2574,1
66e8039d5fddd75067de6b08e4bb22e7,1,70.74,5,2017-12-04,2760,1
c2928a50aecf1bc4776082b13225e4da,1,187.59,3,2018-01-15,2718,1
ba76714c4894372325ea2d044823344a,1,86.83,5,2017-05-15,2963,1
04fc2ecbb192c71163629f423d57a13d,1,60.85,5,2017-11-02,2792,1
f3457b8fdac18622de498551383ae1cc,1,166.16,3,2017-09-13,2842,1
0bd683b7ceca26b5bba4e327682275c5,1,64.82,5,2017-10-28,2797,1
406300dc1b41b134fd12bedb592bd894,1,157.67,3,2017-11-06,2788,1
004937d0f9d6ce15c2830c00c2f482e5,1,70.91,4,2018-01-27,2706,1
5faa2a48a9d5b17b0d8ab1efbaa39a42,1,125.52,4,2017-09-03,2852,1
a7f4253f2a560d4035c330dcef235b74,1,123.34,4,2017-02-01,3066,1
4e46b98e954d79ebbf7744bc8f7e76ed,1,120.18,5,2017-11-26,2768,1
05812fc855821b2f091461ede3d2a960,1,65.92,1,2018-06-07,2575,1
2306cc5d9784d518dce0f1d7649b1d61,1,276.35,2,2017-12-10,2754,1
a7cfd46328adb24558e5e875834a8672,1,256.22,1,2017-12-03,2761,1
500e9bef5740343df08a23b9a9e69e5b,1,127.48,5,2018-04-15,2628,1
067f23bbb981887fc158d36a677c2b4b,1,159.03,4,2017-06-17,2930,1
28f26ebe1e3c8ec0d7d747fe64957381,1,91.23,5,2018-08-20,2501,1
528856e594c25f1afc08aba07e40ccf1,1,160.37,4,2017-06-25,2922,1
c41577db6be598c85be04a2d94c3a8eb,1,135.13,5,2018-02-28,2674,1
9f676b4421baed4cc735a7367a44957d,1,160.54,5,2018-01-29,2704,1
279f89e72b3c2b07a59131882dbd738b,1,37.37,5,2018-08-24,2497,1
58e0ddf2e49461d6f76d048b8f2e77bf,1,209.97,5,2017-08-29,2857,1
1abb0c19ec88e40555c8ee5ba6f2a102,1,70.86,4,2018-07-05,2547,1
141cf07c404451e83e162668b126d0b6,1,44.09,3,2018-02-14,2688,1
841991865fe44b9b4bb0519d9bc4557e,1,155.14,1,2017-10-04,2821,1
de01eec4ab351f4bbe94b38e8d1e9c45,1,24.94,4,2017-05-02,2976,1
9e9bfbdef663665be1966a20c28d0c03,1,73.13,5,2017-09-22,2833,1
791d0d1144e6fb6603bb485bef1d73f6,1,32.96,4,2017-02-09,3058,1
f6aa4b1360cc4c6186561ebc2caf14bc,1,63.7,1,2017-11-21,2773,1
a32e9c8f717ff0098cb8f36ac6ba6362,1,171.44,5,2017-12-21,2743,1
dbe8fae7c774caf4f8dcb30d7c51ba81,1,155.38,5,2017-12-29,2735,1
8e58115615a104ce0284d62c47274505,1,81.56,5,2018-06-17,2565,1
e81fc327c9365a91e9ce38e8d904647f,1,71.8,5,2017-01-27,3071,1
aa79a2362592a54446b3ec3821f88924,1,143.45,5,2017-11-25,2769,1
42e4299cc312630b9fcbe03662bb360c,1,256.31,4,2018-01-18,2715,1
8e8f17531981e12cd96f9795a5c1176f,1,259.33,1,2017-08-15,2871,1
6b519a4a2137c52eb08972b18e05d090,1,105.13,5,2017-08-16,2870,1
f95a88c152cc3320d2e6ab9efb9cc90c,1,424.03,5,2017-04-05,3003,1
809c3dc9eabbbe4e6b03198d239b6e2d,1,205.87,5,2018-01-30,2703,1
05860a17b17441a53e85b2c0e2daf737,1,156.16,5,2017-08-31,2855,1
2cb0c084ec56c7fc7d6278cdd8787670,1,117.96,2,2017-01-29,3069,1
89df8b7264f654f2a8b05894acffce11,1,172.35,4,2018-05-30,2583,1
af7fb1aecf06b1415f21521ac9a8c13e,1,117.85,5,2018-02-04,2698,1
13bd774798d2cc85cf4b6220a9dfbe77,1,49.59,5,2017-09-07,2848,1
91737efb8ad05ff2cbb2636368f10a4d,1,56.78,5,2017-11-20,2774,1
73bbcfcb50f0200bc6a83f902495c0c3,1,87.75999999999999,5,2017-03-14,3025,1
54c4a093ba4ad08084d0d8c7d5f33cc3,1,202.46,4,2018-07-30,2522,1
628ad6ffbb4c46d6d1781bb4360ac2dc,1,207.34,5,2018-05-13,2600,1
a60a9da6cce214757a5bbf389df1c45b,1,117.93,1,2017-10-17,2808,1
2c795a38bf9b0a83aee5275ab97f7220,1,51.04,5,2018-08-18,2503,1
a2141dae4f56fd98148f8d8956f2c10a,1,70.03,4,2017-08-17,2869,1
70bc4d9cf2bbeea3f7b09798370f5884,1,71.56,5,2017-05-02,2976,1
877bb7b491518f3bd6f821bf1791b2fc,1,36.42,5,2018-08-06,2515,1
1c0d50fe7db361b639aada53b3558828,1,77.97,3,2018-05-10,2603,1
413222dcd7d8078653a8eaa81ba8d96b,1,249.14,1,2017-07-11,2906,1
b8fa8e6d8f3fab19a56eff647e21eb37,1,136.5,5,2018-02-07,2695,1
5b97cf3a33ee85a30c7dc07f080b52e0,1,208.88,5,2018-08-17,2504,1
c38b3826795b7d0d8c4449bb5eb96733,1,62.69,1,2018-01-24,2709,1
32aea1e0da2cb689dcf847a444bf252c,1,130.57,1,2018-03-01,2673,1
cf6c82a042005e750e4b3d9c67c4ff03,1,65.57,4,2017-10-22,2803,1
3f0f45bd49f7908548178ad90f2e8f6d,1,188.45,1,2017-08-23,2863,1
2f09f1108ccaedfd8dabcd4956cf863c,1,61.96000000000001,5,2018-03-21,2653,1
2cf009122c9e8663f101b48ac6a60ff6,1,190.04,null,2017-12-06,2758,1
ae086b2ec35d63f04c0c1aaa152c07cd,1,42.77,5,2017-08-19,2867,1
ee039bb5e02a2f5eab3da733e88dbec3,1,140.32,5,2017-12-16,2748,1
c2b75d1fd53bb83675bfdc21b3f6d1dd,1,116.49,4,2018-07-24,2528,1
6487f2dc75493ba7a83cc0de029e3209,1,68.01,1,2017-03-02,3037,1
fdd0876705d2f479feeb936cd9cad782,1,721.74,5,2018-07-30,2522,1
011fc4ea8b9a1e857358c71da7dcf852,1,71.04,4,2017-11-09,2785,1
c55751576fef472fbe91aa1fe165a581,1,69.33,5,2018-04-16,2627,1
dc5e67641a1399fb3d2fe80769d85520,1,82.1,5,2017-09-19,2836,1
253789b3181e6c75a3c80bd68dbebd54,1,61.68,4,2017-07-31,2886,1
d01edd84cac251d9ded0844cf196f39b,1,49.09,5,2018-02-19,2683,1
43d9a8df81f815755d9a258f2ee3135f,1,144.54,5,2016-10-09,3181,1
be24ef8018f62f3b54f287c7e87d0abb,1,51.82,5,2018-04-12,2631,1
ef22056dc8495090cdc55992aa9ef1a5,1,86.94,1,2018-03-07,2667,1
c0e65afe04469997d2af127cd0c461a1,1,248.36,4,2017-12-22,2742,1
264cac8f9174a00df2cbee938706ec30,1,211.83,4,2018-08-02,2519,1
8cc6d7a83628e3166ef72617ec268777,1,176.38,3,2018-08-12,2509,1
7a24a27590128a1f2925250e63fc9670,1,35.68,5,2018-05-14,2599,1
b56dedcb8516771d10b5378e7957a31f,1,57.77,5,2017-05-08,2970,1
d4d2ea890454df93e3ce1c29627135b2,1,72.37,4,2017-11-22,2772,1
987d489e68b88750c3f60a22c29faa18,1,352.72,null,2018-03-14,2660,1
b168b6c101fbb2ba0b62622259b9e2e1,1,135.08,5,2017-11-16,2778,1
39256804b05cde32ac8f5ed003645f6b,1,397.04,2,2017-08-19,2867,1
b331b74b18dc79bcdf6532d51e1637c1,1,441.16,2,2018-01-08,2725,1
b1e99a86b163f1f25e7e0fa3360ad93d,1,61.27,3,2018-08-22,2499,1
69009aaf4e400602c05b1da3989ca40b,1,96.8,4,2017-09-01,2854,1
4c9b48364e100b48b70b65f7223518bb,1,233.66,4,2017-09-13,2842,1
58359e541013053d51a9831dc013005e,1,22.13,5,2018-06-06,2576,1
5201af6599e76f445ebcb42b7e7dc469,1,138.08,5,2017-10-15,2810,1
929f29371db3b343d53e200d3f2d2fd6,1,169.3,4,2018-06-20,2562,1
b1579afc7974300db655f47a85f69135,1,133.76,5,2017-10-13,2812,1
8cbe6c3bbaaae2aa9f5d97827a7968d0,1,67.5,5,2018-01-25,2708,1
ce5e2dbebc82fdeb89bb35dfaddd56e2,1,83.2,4,2017-07-21,2896,1
a50a163029fb5f7935f311cfd2f5c6f2,1,54.18,1,2018-02-15,2687,1
7fdc2eaa95af7ee23782559451286547,1,62.19,5,2017-05-21,2957,1
56283bef437a7c418696a496c73b9a89,1,158.07,5,2018-06-21,2561,1
6b0d003dfb0131daeecea514f9d4f3ce,1,164.32,5,2018-07-15,2537,1
4fb0059557dcb01f28a1551fa175ba92,1,37.6,5,2017-07-27,2890,1
aa1f321662cf8026efb40a41051f68ba,1,141.76,5,2018-08-19,2502,1
9b7bd2c566216ccbf2949e83deb6c75f,1,362.48,3,2017-10-17,2808,1
2d4e9c0e42af45f4b002376d45f7d46c,1,27.4,5,2018-06-17,2565,1
7595f0de4868abaec15c442659fdace2,1,165.48,5,2017-07-01,2916,1
f1fb68ca7cf1c4dab0dd844d4cea2c4b,1,154.36,1,2018-01-08,2725,1
5fe4c97f6eb784c0e89656abddca6865,1,863.75,5,2018-05-28,2585,1
84022f0b4a55c6fa83660c019d91ec08,1,32.33,5,2018-07-23,2529,1
6dd021e2ed02996bfd716d7bd5372a67,1,35.83,5,2018-05-18,2595,1
f6f01ab465348b0c30e6bc957311013c,1,73.34,5,2017-11-01,2793,1
f0bdf021706156be0a9c2517e26237ce,1,116.96,5,2018-06-16,2566,1
7705abbfecc352e5fc4883d03056cd34,1,65.71,5,2017-05-13,2965,1
5ac3eedd22a6b9b50cf801e60e4fc8e7,1,67.56,null,2017-12-29,2735,1
287073b131e26eb64b268a0ae7f3ec8b,1,71.36,4,2018-05-20,2593,1
f7a143ca85eaadf2b2f56394e2d1f699,1,75.84,4,2017-04-12,2996,1
878fb7268261810f07f1f10e36624224,1,98.63,5,2018-07-31,2521,1
8b084e41a2342a54666d2317348d5db3,1,228.87,5,2017-08-27,2859,1
d6154b35746d6957d70e8187799faecf,1,176.36,5,2017-08-15,2871,1
8fc770c599b24a6353628d32cd069285,1,149.26,5,2018-04-12,2631,1
8802f2a5879f0b53708e5ee21358792a,1,196.22,5,2018-04-21,2622,1
0840d7dc97709287f5fde4d15a357595,1,200.61,1,2018-01-24,2709,1
89df6e912cbda4fa44bb1a7b4d26f21c,1,49.96,5,2017-04-26,2982,1
8790cf1cb7ba8a4fa434bea0529d1c54,1,151.9,5,2018-07-24,2528,1
7543aeacbb6f5814830a5aa5c5c65090,1,163.78,1,2017-07-24,2893,1
5dd4fcd1d55de7ae96cae3fa0ec13839,1,161.86,5,2018-06-04,2578,1
4f2805dc44b7d28dc8085c99c9ad55c9,1,107.58,5,2018-04-03,2640,1
368dbdc31e230a411c5d91546ab60ea3,1,174.36,1,2018-03-24,2650,1
376b0d5753abc221c779a46ba028e9b7,1,195.42,5,2017-02-05,3062,1
7ee644700fb5c86c08597b141f551e92,1,177.44,5,2017-08-15,2871,1
664ef02a3eab1689df1c0c19eb1e4859,1,57.75,1,2017-05-15,2963,1
81a251ec447a41665547d8928816b4c3,1,152.16,5,2017-12-27,2737,1
12ef26e7646470fe563e9fb2a28b837f,1,104.12,4,2018-07-10,2542,1
319c5ed662ae2f36a7c5fd3f5baa4008,1,155.62,5,2018-08-02,2519,1
0f3837271c85e1d77df6c9cbd86605dc,1,138.73,4,2018-03-27,2647,1
8329e1859e7c732b8894bc0c1713341a,1,37.82,4,2017-10-02,2823,1
25c03785d6379d4dcbe6ac14af0c4f87,1,283.92,2,2017-11-09,2785,1
270cde94c33764c95930e0fc06c52c6b,1,41.83,3,2018-02-10,2692,1
19dba1813de49accbb9b1ccf74cba591,1,55.64,5,2017-06-17,2930,1
4e1df5678ffe8d046237c2b2dcf5764b,1,99.43,5,2018-05-30,2583,1
629f877340ef90d6baa875e57961fa19,1,60.1,4,2017-08-24,2862,1
83f9b0b0944c671084d7458c71d2ca03,1,201.18,5,2018-04-08,2635,1
5e56ace5aadb8b0f475e5ffe48d228ee,1,554.32,4,2018-03-05,2669,1
e70fcabf5f6bf5273ba341a46b6b83a8,1,70.98,3,2017-04-15,2993,1
e9042972821553d66af10bb64fffd0fe,1,281.95,5,2018-08-12,2509,1
f9b37579688c942afc65788eb6a39cff,1,115.4,4,2017-06-15,2932,1
0e2f6f88e0d9f89cff0b39105af8369f,1,35,3,2017-05-19,2959,1
433283269d791003e268520d901bf1bb,1,61.01,3,2018-01-04,2729,1
f17d78694d6fe86ff72d43ff3c9db2cb,1,138.96,5,2018-01-07,2726,1
b6dcf411c45cbe8e176562028c22851f,1,56.39,5,2018-06-08,2574,1
1a60a8db259932e22cdc14ac1cc25df0,1,83.54,5,2017-07-19,2898,1
13e4f3eb0b0869583f720c992376bf08,1,245.68,5,2017-02-10,3057,1
d69688d427da267e3c2d564db094796a,1,107.57,5,2017-01-27,3071,1
6a7ca7365d53fad7a6b7dd45406112de,1,195,5,2017-08-25,2861,1
8bd1d01232a576982d8f182e91343d38,1,120.49,5,2017-09-18,2837,1
a64e11fc5ee980cd9a2f1ac08110bc44,1,167.51,5,2017-07-12,2905,1
d3e422a0da17d181e0a3877325c3d3ee,1,114.45,5,2017-11-06,2788,1
5c543a7ee18263a51c05becfb86627f2,1,80.6,5,2017-05-15,2963,1
c83e383ad11fc7197adf9a062293f188,1,150.54,5,2017-11-06,2788,1
7d23e001940aeb347af11359501cdeb8,1,142.7,5,2018-08-09,2512,1
6dfeb5786ef57a96c2bdefd5d2821f23,1,90.88,5,2018-04-19,2624,1
a7887745b4931b400d449100859f0f7f,1,71.14,4,2017-07-20,2897,1
74df87b2ebcb43ec7e67d677a3a88a8b,1,40.76,4,2017-12-22,2742,1
2cabf91af90138abf23efb7a2611dbbe,1,361.45,5,2017-06-04,2943,1
1bb5205b5301fb7f65cb391f83869615,1,419.67,1,2018-03-07,2667,1
74bebaf46603f9340e3b50c6b086f992,1,106.81,4,2017-02-18,3049,1
79bf5679784b79e98f78639763b6dd2f,1,121.09,5,2017-07-12,2905,1
97a60f861092d9fab4b33578af8316c3,1,93.51,5,2017-11-17,2777,1
23432b2b5fffb0c4da71e55901e3acf6,1,38.42,5,2017-06-12,2935,1
3c89fd1d9b9438fad1acf39186bc0918,1,94.4,4,2018-01-07,2726,1
9547671cab73631f8607de9fe65021a3,1,122.01,5,2018-01-10,2723,1
7542eb12d0319a6d3341f982a9a45433,1,67.03,2,2018-05-05,2608,1
db8e95a7c8bbe135f190cb4866fd2404,1,258.06,4,2018-07-11,2541,1
ba94161da871323e204ddb6a0e073665,1,117.08,5,2018-01-12,2721,1
d2e258817e38dd6847a2dead3bbafc05,1,546.65,5,2017-12-22,2742,1
b5d539df1209f51695e746561907cd9e,1,227.72,3,2017-04-28,2980,1
0e9fdadd06631371626468bc8eafcecf,1,62.41,5,2017-11-25,2769,1
81c96c54a1a354a87c2d3929509c0294,1,51.72,5,2017-06-19,2928,1
8ea5ff7941244737cc793ecbc0e1e83a,1,250.09,1,2017-10-07,2818,1
09e9e2fce62bc2e62fe05b73fe573de0,1,225.85,5,2017-12-14,2750,1
a052d27ac6973583d6acbdc8049b6257,1,199.98,5,2017-04-02,3006,1
8df60f4b5c7991242bdbde7c034f2057,1,183.29,5,2018-01-25,2708,1
5f46e687a5c82cb1eda593739430f16a,1,42.06,4,2018-08-16,2505,1
326cd7173402f166f337b4abecbadba4,1,58,5,2018-06-11,2571,1
21b45339b407d6a34ff0f3a8833afaf4,1,154.36,5,2018-01-17,2716,1
7843aa39f0f40f21f3ef45e89053c7ce,1,317.2,3,2017-02-06,3061,1
1de6fba12e5abd0cc6bf19f9cb96a59c,1,201.29,1,2018-07-22,2530,1
cdf22d44bff4f1fc02ef48a306038252,1,418.42,4,2018-04-15,2628,1
638737b0a93bc3480cce7a10b5ef5d7b,1,869.33,5,2017-11-23,2771,1
4bb8165114328aab76daee192c23573d,1,106.21,4,2018-01-07,2726,1
e82aa49c904185344fbfbbe025433ba5,1,173.74,5,2017-03-16,3023,1
6e752ed2c9a8e333b6c074f8d2c5f028,1,54,4,2018-02-18,2684,1
7ee62e783784426e8c7076646ea9f3d9,1,671.51,1,2018-02-15,2687,1
44c14ab4c4d0144041d639254fcf13d9,1,137.57,5,2017-04-19,2989,1
21fb2ebc5077f72af04e6ead0763eba5,1,96.8,5,2017-08-08,2878,1
1a5a3898747599fccb25a7201c603bf3,1,397.3,5,2017-09-17,2838,1
ac6658acc9dcfe36bd3965a83e957861,1,82.42,5,2018-04-11,2632,1
f30d69cc258ebe5e80e1a0dd6287efb6,1,33.72,5,2018-04-26,2617,1
8bb3bef4e75a95524235cdc11a7331af,1,127.56,4,2017-12-27,2737,1
f1c1a01f8bd5315f5fbb9c266a6d4c59,1,140.62,5,2017-11-18,2776,1
12943cd75dff4407f19eaf7b7dd80d20,1,65.92,5,2018-06-16,2566,1
aa1049ca8480f79761584cd0506de395,1,145.72,4,2018-07-19,2533,1
4543d1d45d8938b993630a876b517070,1,86.37,5,2018-03-21,2653,1
f24453b720f2c68a53cea2a5611670cd,1,321.82,1,2018-02-20,2682,1
e6e331b08650558480720c95b2e77a53,1,114.49,5,2018-07-06,2546,1
664feac03a82f2dd6e04fdc6d9664df1,1,405.35,5,2017-11-07,2787,1
da46bf181702dec37daf370b447ddb5c,1,300.32,4,2017-11-10,2784,1
df1f8cd492dca10f9819016400f5cf9a,1,568,1,2017-06-12,2935,1
d468f9fd5b79e8d23f71a60901ccf2eb,1,119.3,5,2017-08-19,2867,1
38d35e17e122dfd358e624c1d85746a1,1,430.09,3,2018-03-01,2673,1
a5515803cb77c11e29d6ff219f704309,1,121.31,5,2018-07-30,2522,1
0d4d04092cac5c656bf7ae1c4b6a90f5,1,28.09,5,2017-11-10,2784,1
3451ca7392f4f8043c95edf9645252a6,1,94.43,4,2018-03-09,2665,1
0234b5cac2c4d895fdb1ef8d2956c84d,1,154.12,5,2018-05-31,2582,1
c6a12a46006e432891e81e929a0f042b,1,72.43,4,2017-12-13,2751,1
0e72c974940e1711c77d62de89ab0083,1,294.54,4,2017-03-04,3035,1
e050f1d0ef8106ee8e751297866c1b6c,1,212.63,5,2017-06-27,2920,1
72a0e6c0565c685d7a6b977b516f59fb,1,62.01,2,2017-11-23,2771,1
4f1d2ff2e900488cdb71773b6a17587e,1,135.62,4,2018-05-17,2596,1
35b6010ad8b185e27365ae8366cbb76d,1,47.6,1,2017-08-05,2881,1
6b046aaff7c534e92afaf2b90a8bb490,1,85.11,null,2018-07-19,2533,1
7619612ca0b995c7925a0272c4e33a91,1,64.35,5,2018-07-23,2529,1
7dc72a75eac457ae01e085846b836cd6,1,53.95,5,2018-06-28,2554,1
7960ab4d78100a19c78214c608f79f78,1,26.73,5,2018-02-25,2677,1
c4e463ec59a357f2d138554298afadaa,1,29,4.5,2017-09-24,2831,1
4261d379abbe3b24d286307899f081c8,1,73.77,1,2018-05-06,2607,1
5bfe21e1241a461d88c63968f8724e54,1,87.72,1,2018-01-25,2708,1
bad68e8c4f52ff74e43fc36f3c1e2978,1,137.35,5,2018-01-21,2712,1
9decfe914680409a310e0ecf933e4d48,1,51.2,5,2018-07-22,2530,1
a76e74102c5779eaca55a3f9187ea2f2,1,21.45,5,2017-01-12,3086,1
9cab57b39cbf555d0af5d7ab09adcb2d,1,67.89,5,2018-03-05,2669,1
d88eebd3a037a6f876bcc103d794fef7,1,72.95,3,2018-05-10,2603,1
ff6b4cd2177f2ccab82ff6ae151ad0e0,1,351.33,2,2018-04-20,2623,1
803cd9b04f9cd252c6a83a2ecdbc22c3,1,3351.35,4,2018-08-15,2506,1
28ce35727750b0376854e6c5063d94e3,1,32,5,2018-05-15,2598,1
06da85b8d16b04167a1b5eb3690ad929,1,94.88,5,2017-03-28,3011,1
eb13d86da85c6c5642dee077f235212a,1,43.14,5,2018-05-15,2598,1
cc32c81557f90ab4b2752af60f5d3b2a,1,101.74,4,2018-04-11,2632,1
41a940125f7b30d8219a2672baba478c,1,1475.08,5,2018-01-02,2731,1
a17c332f183bf79f07c8df13174259c9,1,99.67,5,2017-03-25,3014,1
dbf67ffbea0a80040ea2b6cde14ea06f,1,253.22,5,2018-03-27,2647,1
88307fcbd0dc9aeb5decad275e3685fc,1,129.2,1,2017-12-12,2752,1
3d5688f7c319b63b11b8d1c8dc5e6abe,1,40,5,2018-02-21,2681,1
4447740ba0a171df89769758c72f15cc,1,201.83,5,2017-02-08,3059,1
406c8e1382162dc6bef214e0c01fc297,1,130.03,5,2018-01-01,2732,1
425885462bb30dcb05866866aa6ff81a,1,107.78,5,2017-07-07,2910,1
ad2cd139d2158c76a9dd5508150c95f3,1,60.86,3,2018-03-20,2654,1
18b8a289b963f319f9c59bb42cc44193,1,235.74,5,2017-04-07,3001,1
cff3017a38470298f6dce1e9d75f759a,1,126.9,5,2018-08-18,2503,1
4c699449580d55e1580e2d7d1d216922,1,475.97,2,2017-05-29,2949,1
59277a388c4e90924e806641a2579c2c,1,195,5,2017-08-29,2857,1
31e510eb6e824fa8188fa73386334593,1,36.45,5,2018-06-29,2553,1
20c705ea06665873f96da22bcc958a6e,1,85.6,5,2017-02-12,3055,1
51b929efbf63464d36f05ad3d174e443,1,50.99,1,2018-08-02,2519,1
5f3f626700a3d4f153ae552760785e79,1,95.74,5,2018-06-29,2553,1
16c196b91e10e2022aadf70716c6049b,1,143.22,5,2017-09-14,2841,1
64d518d107bd6985494581f424c610e8,1,285.63,5,2018-02-28,2674,1
689aaf7d943b42227eaa5bd4a505fe2e,1,56.59,5,2017-12-24,2740,1
ad06b03685e254053b83d5d07baded8f,1,65.79,5,2017-10-03,2822,1
6c496722271e456537aa324397cc46af,1,178.9,5,2018-06-04,2578,1
97872d3908c8b7aa23b2dfde235ec569,1,96.8,5,2017-12-20,2744,1
ded39065fc8497451c408fb756c65a4c,1,170.87,3,2018-04-15,2628,1
48111b4f13158bb022862d3f307840bd,1,76.19,4,2017-09-28,2827,1
7caf08a38e40462c6a40a6d9bfb27e59,1,160.17,3,2017-09-04,2851,1
882556e077ee7b4cc3a1f6cc77e65c7d,1,67.08,1,2018-02-18,2684,1
159f001ca3b331fd9854b3260cd1cd52,1,59.11,1,2017-10-13,2812,1
dafb48d3122c3431292b3e7efe1182ce,1,69.97,5,2018-05-20,2593,1
f01bafe85b52196f6e0246ef7227d059,1,47.95,5,2018-04-25,2618,1
8b58775be04ef0b69a293030dc8f2bfe,1,168.58,1,2017-08-16,2870,1
67a3c95ffc4184739559faccab4612e0,1,52.58,5,2018-08-05,2516,1
7dec82bd3f93ed6107cb7bc7e2242618,1,480.46,5,2017-01-19,3079,1
d6a978328379a7aa82a087d3ca945a80,1,147.65,4,2017-03-20,3019,1
0541a0155b375e5d1ca9ed98e674e3b2,1,209.11,5,2018-05-12,2601,1
616c8cb69ad12f64082e7b3dbb197182,1,66.39,5,2018-04-04,2639,1
1471f2464edb13ceccc7b52cb1a9def4,1,63.31,5,2018-08-02,2519,1
d68901955dc622165460ba6cb4ac49f3,1,309.72,5,2017-03-28,3011,1
20217ca968adf8f08c5916bf09c33d7f,1,62.75,5,2018-05-30,2583,1
df85b96ba2ce3e49bde101b1614f52ac,1,171.32,5,2017-11-26,2768,1
aa820e5e82c2724e39fd639644077197,1,49.87,5,2018-04-14,2629,1
7955dc8ce73a68fe390f4e5c54e855ba,1,358.54,5,2017-11-13,2781,1
1dca8025c540764cee00698bcaf7b776,1,338.56,5,2018-02-15,2687,1
21a99191298d34fb6dd0b088e821591c,1,35.09,5,2017-09-20,2835,1
f611df88d00e8e4af77ac41a1b22e4ae,1,88.72,1,2017-12-06,2758,1
29371226af5d2d25bf3fa7354ed7f382,1,119.22,5,2017-12-05,2759,1
27ae6db6c6302444d88b728297180dac,1,127.3,4,2017-12-05,2759,1
de9bdaac8c69af8c5b5be278f8b69b93,1,108.42,5,2018-08-13,2508,1
030f3b54dff06714de54aae2962cd461,1,36.35,5,2017-12-20,2744,1
66e959a44387b5dfdd7e743181715998,1,75.6,4,2018-02-28,2674,1
093f449ae2e959ed548c3a71c767f609,1,48.21,1,2018-06-15,2567,1
926590482fd36ae22ba8bcc7a4bd720d,1,50.09,3,2017-10-09,2816,1
003b595c764773e20e0949b6fba7b1dc,1,25.46,4,2018-04-14,2629,1
b7fadbed2cafaf71c41450cb2ebe7013,1,149.59,4,2018-04-18,2625,1
20aa562a8eb327bf99b5c3d425712beb,1,25.23,5,2018-07-02,2550,1
eb375a0cecd4aeae29c62be4399959b6,1,107.42,5,2018-08-09,2512,1
98916fd0f48baed7d643faee8961f56e,1,262.24,5,2018-02-06,2696,1
5ddcd01413e76d53e9ee604f43d65430,1,161.46,5,2018-05-24,2589,1
bd6d5bb0762574fcf0102668be4f781c,1,38.42,1,2017-05-05,2973,1
bab91c3c25a207c83b5c95392df95163,1,263.1,5,2017-03-25,3014,1
d4da05b2b67ae67c603c1063a2a361af,1,65.46,1,2018-04-02,2641,1
7c7165957bda66e88708766f34c334f3,1,654.41,5,2017-12-07,2757,1
021e3ddcc0581de5bf087b1d87e4b136,1,39.86000000000001,1,2017-02-09,3058,1
9acc463224f2913d510896fb47e1f8e6,1,206.84,5,2017-10-12,2813,1
9ad05c7dbb22a5c9f31adb8fcc73b48f,1,182.49,5,2017-11-27,2767,1
980eeb25c7a6c02bd16f50f698223c33,1,84.65,5,2017-03-12,3027,1
b3ee7fdfb85dc3e5de3517c7be1bfc6e,1,85.81,5,2018-07-22,2530,1
93abd65e3064ef2fbaeef2759ad93c0b,1,532.55,1,2017-06-05,2942,1
3385a55d489032a43d381a9312eaac50,1,76.64,5,2018-07-23,2529,1
6bd9e09f124d408482b182fd9903d5ee,1,111.61,5,2018-06-07,2575,1
8d8b6ea6bb05c408ebafbe40f2e14021,1,82.73,5,2017-11-13,2781,1
e3a36ca914b7c378178482853898137d,1,34.17,5,2017-12-16,2748,1
120e2f1bb009d3d5ca03393b862f5751,1,36.96,4,2017-04-13,2995,1
58aad244991735b54dffc6781d3a508d,1,305.41,3,2017-12-31,2733,1
07ffdcec270d2300c298af875cdc9447,1,60.11,5,2017-10-05,2820,1
cfaa50273d7dd437aaa48b344de64ba5,1,89.55,1,2018-01-19,2714,1
0639197156cf2165c3adb6a85f9cef54,1,117.4,5,2017-11-27,2767,1
59ba882fbfa53c2068bb4a0787b16bb1,1,113.13,5,2017-07-29,2888,1
7d56470ce997ee63cdee96767fd86380,1,62.98,5,2018-06-11,2571,1
d06d4e2d7fba05929a9efc2721bb1d82,1,286.04,5,2017-08-30,2856,1
18890193d4fc21b43256ed99d712145d,1,255.16,5,2017-06-07,2940,1
2915dfa6fb1156ca22ee847e6954759b,1,51.13,5,2018-06-11,2571,1
5a8bcefa560e13f342a71b62bf94ac17,1,58.37,5,2018-08-17,2504,1
e150059980c5dec1705b169f2be39044,1,166.97,5,2018-06-14,2568,1
e759db1bd97e2c1f97c134b192acc0ba,1,113.76,3,2018-06-06,2576,1
aae5cb468884f1da9e17f0da2c25c9c4,1,67.13,5,2017-02-02,3065,1
c8e45b2e5b92d6bee52f6202d09eb4a1,1,89.1,4,2018-06-18,2564,1
648789eb2227f5befd0cc1f6536252e0,1,388.68,4,2018-08-10,2511,1
d486feef34e5c0ddfe100703c228574f,1,306.78,5,2017-07-18,2899,1
29595f742e9d97c97b688cbae3d8f175,1,57.69,1,2018-05-02,2611,1
c17d2be37ef7d75f89a60427c9509ae1,1,73.34,5,2017-07-18,2899,1
2e59f355ea7b6170c754758463c9fd3a,1,155.14,5,2017-06-23,2924,1
9dd63d86de8d079954d0f8c4cb8a6aff,1,217.86,4,2018-07-23,2529,1
4bd4059b4062a3f96f0f4f88af70fb91,1,190.22,2,2018-07-09,2543,1
f581423e26b5520519407f034c1e5680,1,225.71,5,2017-12-04,2760,1
20fba61eb3577801b7b778402b1e9db6,1,41.16,4,2018-08-14,2507,1
318e3f3fa99cf30a7885757084c4b47e,1,37.24,5,2018-06-30,2552,1
4c422f5f0c32753d20228e9a09b6b6c8,1,176.98,5,2017-12-01,2763,1
052c33d5b6909c0fe63290cb7bd7c08a,1,40.61,5,2017-09-06,2849,1
0a4e3807c23f486dea9adbdf8c73a70a,1,134.96,1,2017-03-08,3031,1
76f71522a4d0db001ac6caf99763656f,1,149,5,2018-06-17,2565,1
fbb43bb6c6acb8c718f9d2605526681b,1,98.4,5,2018-05-04,2609,1
88c4345364141e6e89db240bd02b1dfd,1,67.85,5,2018-05-20,2593,1
b3ddf00785df5fa8baa46f6e32152164,1,335.47,3,2018-02-11,2691,1
68c4ac73f19217101bdf5c2924552362,1,199.14,5,2018-03-08,2666,1
8f2556a69003a64f11306c11535beb06,1,313.36,4,2018-08-09,2512,1
54f4686e731120a05f1b88deebcfd894,1,96.7,5,2018-02-26,2676,1
dfaa16f4dc640a8770b7f760d0a4611b,1,292.72,4,2017-10-05,2820,1
e810731c38fcccc622e19c3717c64c4f,1,192,5,2017-11-10,2784,1
a995de3dc6d521edc82924a3e9941821,1,78.09,1,2018-02-23,2679,1
67e9e30e4c2cca9243f671d7ac6a7f73,1,218.3,5,2018-04-17,2626,1
82ad997b66970bb98cdbe1df6c5b67e5,1,94.39,1,2018-03-07,2667,1
97c33ea3a30e236b2a2e514dadfa171b,1,37.03,5,2018-03-09,2665,1
c77cf42ae5c9e65304958f02c978145a,1,140.49,5,2017-11-24,2770,1
55a18ae004af33e2dcfe7a956b30eafa,1,43.88,5,2018-03-06,2668,1
00bb27539e10159490e73842a90b173e,1,31.58,5,2017-07-27,2890,1
bdc451bc0bb56979976f1c65ee98368a,1,51.85,4,2017-11-10,2784,1
30ef75ecbcfb818484c4854a8caace0f,1,245.57,1,2017-06-20,2927,1
d61fdb0c42d843ba72a06f8b597bcf6c,1,178.38,1,2018-01-22,2711,1
0404d1fae25bd35102d36861b05e0108,1,71.62,5,2018-02-21,2681,1
444d8edf88cb47c875c15356930c5e1c,1,51.88,5,2017-08-31,2855,1
21a498fded382f294edbde28ccb9c002,1,701.24,5,2018-05-06,2607,1
20ee45e58e3b3e73a33674d983b710ce,1,29.62,5,2017-05-27,2951,1
9c1e1cb2f0d8c96ba81879c1c6c423e4,1,15.18,5,2018-04-23,2620,1
8359a4e1beea4fed5c5fa85bafe7f41f,1,84.23,1,2018-01-02,2731,1
2e0b25d3a271e4c0f671acefb6cfaffd,1,96.88,5,2017-08-27,2859,1
4f43800c561a29217ce7b1812270a79a,1,735.24,5,2017-09-20,2835,1
a7f101f963004132b71c871d36a922e4,1,70.54,5,2018-04-24,2619,1
23ee2e391c931ab46fbe5b0586b3c080,1,521.37,5,2018-04-16,2627,1
44b521ae63ec470874a89c37fcea4c6a,1,87.9,4,2017-01-29,3069,1
e15daad9efaafb0d4d10043c9ca77e7b,1,265.95,4,2016-10-07,3183,1
49d3b17d6ed2aeeb41c2b07e3bf81d6b,1,200.47,5,2018-04-16,2627,1
bd394e7a5c0a3aa178be002bec55877c,1,149.32,null,2018-03-05,2669,1
14b8fc48b9f66832dfca6333034c46cb,1,106.08,5,2017-07-24,2893,1
9e94facb3975996f4922820fc31b96e0,1,171.02,3,2017-10-31,2794,1
54b8ae0fe680461a352482374a55671c,1,35.4,1,2018-02-28,2674,1
542af0dc5b39bbebba0a49c92bcf9b96,1,98.83,2,2017-11-08,2786,1
2f4cdad5a9d7f771f5f8998c29e14072,1,55.16,5,2018-04-24,2619,1
cfca171c77e72b76c526376b84b9e237,1,96.93,5,2017-09-09,2846,1
913f6c1bae683c704e97230b008eacd7,1,175.99,4,2018-05-04,2609,1
7b0d41e836e8a4abe1293a322995251a,1,111.02,4,2017-06-27,2920,1
8d1ed3140aedf397f201580b2d5630fa,1,23.76,4,2017-11-17,2777,1
cd68342f9a9a5ddd02f5ad372ace79e0,1,51.69,5,2018-03-29,2645,1
29da34100ffab96f07b2ffe86c8a9712,1,96.8,3,2018-01-02,2731,1
19402a48fe860416adf93348aba37740,1,32.7,5,2018-07-25,2527,1
d2157e41ca09bbe3a232a528d658195c,1,62.69,5,2018-05-17,2596,1
00ba72dac5dae2776b5bfcf799a956b2,1,33.34,5,2018-08-11,2510,1
af38d27face41cf31f1915a789d9288b,1,280.12,4,2018-02-28,2674,1
a925497be66b54047496bd05c43e46c6,1,92.85,5,2018-08-11,2510,1
8443f32ce8f32007d1bb7beca8f386da,1,318.61,4,2018-04-29,2614,1
69fefa069cdf2bb5dd1201c9bbe8172e,1,100.3,5,2017-10-14,2811,1
389443bd63b73ccc36bdc8a8cc810b9f,1,41.2,4,2017-08-07,2879,1
9cb14de38fcd859ae0dabd86c173f38b,1,253.29,3,2018-02-16,2686,1
cfd12c4e955089834710685baa29f08c,1,34.75,4,2017-07-15,2902,1
2e151d2ee9e56cfd97ecd26f3a894885,1,141.54,4,2018-01-20,2713,1
b71c4219b9a9d3099bb874afb7a44df4,1,103.55,5,2018-01-17,2716,1
afad943e741ecb9987d3be8e8bf37b7a,1,79.5,5,2018-06-26,2556,1
84cea6b19cac55bcaf22004efc66e2a9,1,65.48,5,2017-04-19,2989,1
d1b373f540c9e9081095b729cb55e953,1,53.09,5,2017-06-13,2934,1
4c976ada6cc4aea853a93f97d0120e31,1,49.01,5,2017-05-02,2976,1
12f4edd6eb013fa0324c75df31cf42f5,1,53.01,4,2018-03-04,2670,1
cf0b077259962737e33cc1ac00e82769,1,584.08,5,2018-07-26,2526,1
13791d6b3c4243f751729367e1f50e15,1,120.06,4,2017-10-16,2809,1
bc34df797b45ed606616fc478530bfe9,1,82.77,5,2018-03-27,2647,1
39b0cdba89a7af6e2fbd09107e21a69a,1,132.13,5,2018-06-28,2554,1
d3e38ace62dce86e66465738be3bbe6a,1,56.69,5,2017-05-16,2962,1
3a0ecfe52b994b2589fb52ced98d8166,1,124.52,5,2018-02-11,2691,1
a553a10c8f858e664fe7cb71db0697a4,1,138.94,5,2018-03-07,2667,1
0b79f3d959c1308c5ac26ad7eceb2e9b,1,139,4,2018-01-13,2720,1
bc4e6f215af91483d54431baacb9506f,1,184.32,4,2017-03-02,3037,1
6d29bad4541204600412a1eddfaa1288,1,39.09,5,2018-02-17,2685,1
e59a2725e1a47c24139b9957f6ecd9ab,1,231.27,5,2017-07-24,2893,1
35912908cb996d4e7f287edf06b1c8f2,1,193.8,5,2017-08-04,2882,1
79c8d122abdecd4dd9be27517307faf3,1,59.33,5,2018-01-31,2702,1
82b6da1961a25e8324ecd99eff5903ea,1,85.36,1,2018-03-18,2656,1
7b4728d74f0ce27ff4e8da81a5891c47,1,196.11,1,2018-06-11,2571,1
38b3d05c2ea1640ebc6acd359989801d,1,47.72,5,2017-10-15,2810,1
c87858edbf69dc16344e313cae72b375,1,76.78,3,2017-06-08,2939,1
ee942848b42d179e07bd0979c23fd853,1,103.87,2,2018-02-14,2688,1
555d18cdb92307f6fc7046a3579bc675,1,85.17,4,2018-08-16,2505,1
4d5240c021628847b09010fa6b8bc549,1,111.66,1,2018-04-13,2630,1
7d2923a34828c8f767f2c6b110ddf4d3,1,89.36,5,2018-04-19,2624,1
277e8bb3836a89ad1faeea043e048e79,1,104.59,4,2018-04-25,2618,1
c482865155b898a42b199ac276a60d8a,1,27.3,5,2018-08-16,2505,1
2847be2e0b1b22c41b801a18dc050a49,1,153.62,2,2018-06-16,2566,1
707460e412768135516dc216222de9da,1,373.88,5,2018-02-09,2693,1
57379838598319fed45f5b0cab0c502a,1,46.78,3,2018-01-24,2709,1
992b5eacca3441bc2ad844f72a9cf4f1,1,112.71000000000001,5,2017-08-10,2876,1
4d00eb0b76f14e173b2a5cff5c839198,1,418.36,4,2018-02-15,2687,1
e5d7108db511fe3a3e111eeec628183e,1,148.98,5,2018-07-02,2550,1
0095d34ddb16f0d0776fc9f2a341dfcd,1,257.3,5,2018-01-13,2720,1
d0f6ac8b0f2bae53a8b2319b222862ab,1,101.15,4,2018-05-09,2604,1
f22dd3455fe4aa5f8f9b54df99d4bce8,1,67.5,4,2018-02-05,2697,1
9dd67cd8c4589e31802e8e02c24b3b64,1,98.51,2,2017-10-31,2794,1
56e49231a1e313e37d5ee61be9baf955,1,130.56,4,2017-11-21,2773,1
26d283dae44fbc9eee874cecca589853,1,139.03,5,2018-04-12,2631,1
b2da3e1f91052aca033b4d34ab8329ef,1,45.36,5,2018-05-04,2609,1
060b1d253ccfe1196775fffc0c64eaa4,1,25.13,4,2018-06-22,2560,1
2d9d650ab42cedd47f35ce7a7e59a75a,1,66.78,4,2018-01-22,2711,1
e60cefbe177a009f39b4b4000cb0313a,1,150.15,5,2018-02-21,2681,1
92dd835c0a01f474014b0a888b5bef93,1,1388.98,5,2018-07-19,2533,1
131764f6a14ca2016bce014a174c7e52,1,40.09,4,2017-09-22,2833,1
6a5d2101f8e85d2d3d5fee09a0fd50fd,1,105.35,4,2018-02-26,2676,1
841e56fbee6e9b955edee71e568cedc1,1,94.31,null,2018-02-23,2679,1
f7ef746cb4eb72958f6ec8a332cbf172,1,76.57,5,2017-06-17,2930,1
352b6f640af26b0d36b6d2c8760cf5d2,1,67.44,5,2018-08-11,2510,1
e69bf5017b2f0579333d892780b11b56,1,118.25,5,2018-06-02,2580,1
25cc0b71a9122c62a2880aa1ce12eedc,1,63.52,5,2017-04-03,3005,1
34888597ccda0c851b4e75fae74363ae,1,153.02,5,2018-07-20,2532,1
92aa089d9af8e6dce4438b395583ae3d,1,264.39,5,2017-12-24,2740,1
dcedd59668720ae97bcf13b59d111fd1,1,93.63,4,2018-08-08,2513,1
6eda8b6897009af449a490b86f154f42,1,117.79,4,2018-07-19,2533,1
c72f69d9a10067f1ed55e5e682f9f292,1,313.29,5,2017-07-31,2886,1
2c7c6aac6ed9a1022e01f7c6e3f52831,1,142.8,5,2017-04-05,3003,1
d1692429b72bdc73587f97f6815f6f71,1,123.4,3,2018-06-22,2560,1
0530963cc6bdc31ca98ac61d7514efc3,1,123.1,4,2018-02-16,2686,1
7ee349f8d855c56ac5151702a8bbf7f3,1,151.69,5,2017-08-19,2867,1
075025f0dd1048d7ac30f7adc7483bba,1,54,5,2017-07-05,2912,1
14777b1b80f36a5b1e889b6ebeb634a2,1,63.6,5,2018-08-20,2501,1
481aa2704b487a84a33416f60148190e,1,211.83,5,2017-07-06,2911,1
b67dc240717909e367203798be60d015,1,50.09,5,2017-06-06,2941,1
3487229049485241bb1a0d20ab8ab449,1,217.84,1,2018-02-13,2689,1
bdb7038318ec6db24bc3c6c3bf7b6eb6,1,125.42,5,2018-02-21,2681,1
20ce0356347a051b0c6dc9bde6edaec3,1,134.55,5,2017-03-23,3016,1
a558798a2f1d319c9c8e1d2118972b6a,1,174.28,5,2018-01-04,2729,1
71c2fbcb3ce7ca6eab6cd1ef3fc8a852,1,146.68,1,2017-10-11,2814,1
6d13dcf9140e8203f98049ac8c1989d5,1,484.02,5,2017-05-19,2959,1
ae17c6f1f816d6367af9a06561140c16,1,31.38,4,2018-02-18,2684,1
255afbbf95157e48880ea000e88fd7e5,1,83.92,1,2017-12-29,2735,1
ff254b653da23dd3849befc8e10e56cf,1,358.82,5,2017-08-10,2876,1
db0900b1316983cf17883bc825c2c212,1,164.7,4,2018-02-17,2685,1
4e49550249c3310fe829e426646091c7,1,118.71,5,2018-07-18,2534,1
72f98f3871a3a422ba1f8dd5670a6232,1,37.78,5,2018-01-22,2711,1
c5fad69ac45610b0649c7297f7884cb8,1,88.36,5,2018-04-30,2613,1
658803300e83c073de1a1f06079a0328,1,56.72,4,2018-01-19,2714,1
cf02ebc7b145e83626254f5d0d1c6042,1,788.23,5,2018-06-07,2575,1
b6467fac41936c4a861f613434ac379a,1,368.82,5,2017-11-14,2780,1
f1750f5373f1b070b0bbc8c695aae130,1,122.8,5,2017-10-16,2809,1
b3ed5f9564ada032bd8880b15ec5f8e7,1,94.21,5,2017-10-09,2816,1
04d134f760aef9a8a167cb60f55b9261,1,237.31,5,2017-11-24,2770,1
7671460b5fc94be0ca976374c1a1efdf,1,190.55,5,2017-09-22,2833,1
0c493327ccf5fa774963c070600fbbb2,1,506.29,5,2018-03-15,2659,1
48706412b33b8cf6c6792985b1e1b028,1,139,3,2017-08-29,2857,1
de0e1520ac5cb64cdc689ec1c8b9c272,1,57.91,5,2018-06-11,2571,1
e84f49649af1492bb0ce7d6df227a76b,1,368.6,5,2017-07-05,2912,1
df5942d345b799c2e2819e9ddb4fb0c0,1,88.26,5,2017-09-16,2839,1
8a6a65d9a516ea0cb0437634b4202677,1,97.88,5,2018-04-26,2617,1
5f1378ccd418728c6880fcaf4a766ec3,1,164.26,5,2018-02-14,2688,1
107148803b5e770ccca1b67d6f3a2d9c,1,520.96,1,2018-04-03,2640,1
9d07ed48127e776f64b02de9aa00c136,1,39,4,2017-12-22,2742,1
0125fdf9e257f064725f85d1d63085b4,1,48.22,1,2018-03-05,2669,1
e530863105eede13aab60014aa569bd7,1,321.08,5,2018-04-24,2619,1
f3d0d413e08a7ccc43e6ca09a8d79cdd,1,83.7,1,2018-05-09,2604,1
0b9d5b8ca1d0aee387d35522fcf8785c,1,35.36,5,2018-08-01,2520,1
e4eb839347c15a4998942e6ee3a032a2,1,257.05,5,2018-06-20,2562,1
2847f7207c882cff92388c582150ae86,1,76.62,5,2017-11-28,2766,1
7b92d2af2f3ce0611b68dfbc5db7870f,1,71.82,5,2017-08-12,2874,1
7f333232c7cf28e0de2668caeaec42b5,1,119.99,5,2017-06-08,2939,1
e59077fac70edaa674a4967aa316e48d,1,110.03999999999999,4,2017-05-03,2975,1
d7a062140afd5082a93efc3115b6bb53,1,102.74,4,2017-11-30,2764,1
4acb0997ad21d8f66d203e0d3c566993,1,33,4,2018-07-25,2527,1
f0d9d8e4ac3a29ef1b3382939e006298,1,50.61,1,2018-01-11,2722,1
97e0d5ec767e81e08e764aadbcb96206,1,163.81,5,2017-09-22,2833,1
8d5db117378b874eb1894bbd190f03f6,1,77.06,5,2017-01-25,3073,1
a06b36afcb92e3dd94f5589baf453ec3,1,85.37,4,2018-04-12,2631,1
fca4bdb14966b7230098dffb7e01e67a,1,35.4,4,2018-01-01,2732,1
858459ae6a1ac94dd6fc02a89363c146,1,85.16,5,2017-10-16,2809,1
70c84875d254552d37cb96f14c92d23c,1,123.18,5,2018-04-02,2641,1
8882489a6088e4fe968a4ef7284d36a5,1,20.38,5,2018-06-01,2581,1
ff1acf503bdf96c225e4dc499dac6954,1,68.66,5,2017-11-25,2769,1
5f92de07ddce980e01bd31b779d26a4f,1,285.54,1,2018-01-21,2712,1
616833eaef04d25b67207119cd6936dc,1,219.87000000000003,5,2017-08-31,2855,1
f35531a76421b9e699f31c19af669260,1,42.31,3,2018-03-20,2654,1
fe183c5b40e3f8c97a4a5eda7392de2e,1,57.37,5,2018-07-03,2549,1
8e088f86db422c6032a26ee8ba1ef0e3,1,153.21,1,2017-01-31,3067,1
f1fbe37da16b5a0c8ae8dfccc91e4340,1,91.79,5,2018-05-17,2596,1
f5471b550eb47981e7b33165df33bd20,1,100.44,5,2018-03-20,2654,1
bae7317c9b32fa3da18d85eb9718d8cd,1,57.23,4,2018-05-16,2597,1
01870df5434a15efdf52f02d895d3931,1,107.95,5,2017-12-25,2739,1
ac726fb9d92b7260bdf8282feac6382d,1,62.05,4,2018-05-07,2606,1
98884e672c5ba85f4394f2044e1a3eab,1,56.78,3,2018-03-23,2651,1
c084c36f269f29c66bb61f3ac37303e8,1,70.93,5,2017-01-24,3074,1
8e8b8bdab69c0b848ed680d4f60b9760,1,197.87,5,2017-10-24,2801,1
2967800a1e6a657df2f13ef37b65c9ba,1,62.63,4,2017-11-16,2778,1
7cd85ff9a069e8822b0f0b328e9f7dc4,1,220.86,2,2017-04-29,2979,1
cc86d93407044ed296e1797f53f9013f,1,63.27,5,2018-02-14,2688,1
698c9575d3f2b6fd6cd368475a5cf865,1,142.3,5,2018-01-13,2720,1
30115ee7a9182b11ce072122a37b6ca4,1,88.9,5,2018-04-01,2642,1
1bab4d51a6fdda66f1abdbfcc1c907ae,1,142.43,5,2017-08-12,2874,1
0b0cbf731fd9ea622226fc2d1fee5164,1,123.75,5,2018-07-18,2534,1
47b1ec72240dcd0dddd0827b10435424,1,276.47,1,2018-01-03,2730,1
3d393485f0289ad62f44ec59560a39e8,1,100,1,2017-10-07,2818,1
753fd7e7395748807780a2c7dde2bc6a,1,369.6,4,2018-01-02,2731,1
d307d099d747f37ec262b7d886d422ad,1,282.26,1,2018-02-10,2692,1
d52be8e3821283b0592f231cb6285b92,1,113.86,5,2017-02-02,3065,1
dcb8ccf8642ced8c655b5cd038af93e2,1,168.25,2,2018-04-16,2627,1
cf51d3ab484330d9c266cd7e83fa37df,1,137.99,5,2018-01-02,2731,1
2edac4c00a86901ea9c8dfb19eb3b531,1,249.7,5,2018-06-19,2563,1
a8274fc4df4680bc6b593c95c04c766d,1,123.69,4,2017-06-29,2918,1
98dfe650b52959127ab18d7c8b1da221,1,47.29,4,2018-04-04,2639,1
e63c0caef7383c445520d957f019a86c,1,312.62,1,2018-04-12,2631,1
71c26c2af249aee0282d9611b86a2b0d,1,49.92,4,2018-06-13,2569,1
9688408b34c468b57cd16b38bb6a5e99,1,312.42,5,2017-11-03,2791,1
1b359570aa2cf78d48bd2d1a1a2e049c,1,150.14,5,2017-09-21,2834,1
b9e7d8b529d10203729359b4660021ec,1,236.7,1,2018-07-04,2548,1
ff707e35417fa22a89eab6549e33ea5b,1,110.1,3,2018-03-01,2673,1
4f3991e2379e85e51beca3b546eb6219,1,33.22,5,2018-05-08,2605,1
0d16e4a7336116a77c9fe81af1c589b9,1,66.81,5,2018-05-23,2590,1
d3ecf0664acdf35f6e78389ed3e223f0,1,456.77,4,2018-04-28,2615,1
484bead74b34094eb995e4ecee252deb,1,66.18,5,2018-06-10,2572,1
ddd964490b868d062509e5e0dac09564,1,38.4,4,2017-11-28,2766,1
9dba33766e5d1426fba004cea912b1f6,1,461.65,4,2018-05-15,2598,1
a41b9adf1616f3ccc4ca2638aa6011ca,1,37.77,5,2017-12-14,2750,1
a8e73d4aabd7b12df66bba3504a15c31,1,32.13,2,2018-07-22,2530,1
0c13fc247a33558383e51e9021100f94,1,138.26,1,2017-04-08,3000,1
47a9d5ffbfeea9fd0290d4c461d7a169,1,55.58,4,2017-08-27,2859,1
41288d4a1cb5b4716c3661bb33a11a01,1,66.44,5,2018-06-30,2552,1
f4cdb4b57e2493aba25a939692923d63,1,68.22,5,2018-04-09,2634,1
e89521c12ed7a8a782acfd80881f3b3e,1,1260.65,4,2018-08-09,2512,1
ef21c78da6a79f7c34a9e2ca1c0ae880,1,211.48,1,2017-11-03,2791,1
843fda212b1289268be72a3a6729d776,1,266,4,2017-11-24,2770,1
740fc4d00dc70b82415979d52f127b2a,1,95.34,2,2018-04-19,2624,1
8430f7e352ca68176149c17ddcbdad1b,1,44.09,5,2018-02-21,2681,1
8cfdf6af33a4386da0d223ffe7554262,1,25.77,4,2017-06-27,2920,1
3dff2d23e8303f61319ac5c3f7727567,1,45.86,3,2017-04-07,3001,1
bd6b1b234d42b8a97ccbf2ad0eb46e5b,1,179.9,5,2018-01-13,2720,1
26191a202fc7627d6498f61acefe4203,1,37.61,5,2018-04-15,2628,1
ddee05c9af94ca578d546c52eada5576,1,131.44,3,2017-12-03,2761,1
c88655b337ba4f844260061949303a4c,1,71.7,5,2018-06-16,2566,1
2315ebdf0fb52060560274ace5fc5fce,1,226.9,5,2018-02-19,2683,1
a16137096c93f2569bef62f379f7ed13,1,135.48,1,2018-06-12,2570,1
a7ac775d0a436281feed636df6562969,1,466.67,5,2018-07-04,2548,1
116fe32b6383353fec1eea7775c1ab25,1,133.4,3,2018-03-29,2645,1
4e9f6517c2937719ea0ab9449c8ecfa7,1,211.12,3,2017-12-12,2752,1
a5f8960eef588aeaa9d1af800ef40607,1,823.07,1,2017-12-04,2760,1
c3828fcf7c3e8abc8d38eae8992e1842,1,87.64,1,2018-02-11,2691,1
6102475657db1421e4637121b495bf3c,1,92.79,5,2018-07-06,2546,1
7f34b9bf56cacd4cb15a9c221c7d31da,1,103.37,1,2018-04-21,2622,1
bc4011fd2a5106761b5ba943c8fbd1b2,1,134.58,3,2018-02-17,2685,1
29631b630037329464b18f738028aa02,1,143.71,1,2017-11-27,2767,1
cbb68c721ba9ddb30d8a490cc1897fa1,1,26.78,4,2018-06-03,2579,1
c3764161b7278ea2efdea0137dd37abc,1,48.53,4,2017-09-19,2836,1
164706183c9e343f182458255c5cd8db,1,156.42,1,2017-10-23,2802,1
feced49097543a5b319c39654f895082,1,152.36,5,2017-03-30,3009,1
f4fa9dfc7290a03e9d3d4fe11ff32538,1,259.15,5,2018-04-09,2634,1
68451b39b1314302c08c65a29f1140fc,1,101.74,1,2017-11-22,2772,1
be0db8a12224c280772baf2ccb468e5e,1,92.97,4,2017-04-27,2981,1
0a03d3b2becf1e6ede584a394d562c45,1,1079.71,3,2017-09-16,2839,1
cddd3a48c87f57e5e8a07295e48cb714,1,29.47,5,2017-05-17,2961,1
415318e16cc2f959d7c15cf63f127956,1,418.92,5,2017-09-20,2835,1
e89563d7f4863102a1310cee927fa111,1,138.89,5,2018-04-18,2625,1
52ebfe7b40ff6cbe2db79c566f36e6bb,1,233.92,5,2018-05-22,2591,1
f2a1d75b74d9ec748af88e894cd87597,1,1052.49,5,2017-08-28,2858,1
d92c4eb4cfeca0de7c933dcf36d2f7ea,1,106.76,1,2018-03-13,2661,1
a06cecaf0e4ef892030e9938afddebbf,1,177.37,1,2018-01-26,2707,1
08e5ed5ac7e17524347b55e9db5e8692,1,68.88,5,2018-05-11,2602,1
7808ea4b58654518cfe762d80eda6cbe,1,144.75,4,2017-07-24,2893,1
462cc5bc6b7fb4fd7a46a6def0dbc6b9,1,45,5,2017-12-23,2741,1
d33318a9fa8aff8362757a45081c949e,1,100.04,5,2018-06-10,2572,1
efcff0dedc5aad0606ae815bbb9ccad7,1,95.22,4,2017-03-24,3015,1
8875cb0dbd8a850814b5d444b6c40499,1,742.93,5,2018-01-08,2725,1
857a78938d4eadcbc110a9123dea490e,1,213.53,1,2017-02-14,3053,1
e105da24b204e15cbba1a45b382ec131,1,75.23,5,2017-06-06,2941,1
e0b7c97d75cf1fe355964ae5820b1b11,1,120.16,4,2018-05-21,2592,1
d9946163c70bfc5dccb45abf8786ef0d,1,124.5,5,2017-06-09,2938,1
5e6c17c1aac5a1acf6e38746eeebc11d,1,910.6,5,2017-01-24,3074,1
dfaf3ac9723fe17c44a1de7d797ff2e3,1,239.54,5,2018-07-13,2539,1
2eb1a6686d8b3a677937ef0fb70ab984,1,121.64,5,2018-05-21,2592,1
071a86d714c6f99aa23feeecf538399d,1,71,5,2018-08-16,2505,1
a2a078fa1733f929581628ac2d2c4bf2,1,320.53,3,2017-11-27,2767,1
761a6661420ac3fe268bdb4140898575,1,62.54,4,2018-03-25,2649,1
2f99094373caec27d1f367812e659547,1,117.38,5,2017-12-13,2751,1
1deefde8db592ffd43422b02906baba6,1,204.03,5,2018-01-29,2704,1
08433985baf2e7ff94f2046d7dd14fdb,1,133.64,4,2018-03-18,2656,1
59be217eef79cf8f31906ccb0c18fded,1,78.07,4,2018-02-19,2683,1
6ae91e04653dc3a0c205363ffff0081f,1,76.18,4,2018-01-23,2710,1
de017a7470c1080fb969cf1241087883,1,77.27,5,2018-05-30,2583,1
b23ee95fb2dba205de0f7a0181778b1b,1,178.65,5,2017-05-18,2960,1
91d2ffeeea8628cb639e91d6a9fbd07c,1,124.31,4,2018-05-01,2612,1
e15f2b74055ddd552aea620ec4cbec1f,1,66.01,5,2018-01-08,2725,1
cde31cc8cecb7f5bd25314f2a836b3d2,1,122.97,5,2017-08-14,2872,1
74fec52b25cd89db5c64b3ad5a7fc425,1,394.24,5,2017-08-10,2876,1
246ecd502d6e6d53f5103fdc161c2e6c,1,50.09,4,2018-02-05,2697,1
b81f97938953164b250166b7d9dcd481,1,177.13,5,2018-05-01,2612,1
3575b0f076a2c63f4cc4fe7b8346339f,1,323.68,1,2017-11-14,2780,1
09fac85d71438b3400e2dfb08689b649,1,29.549999999999997,3,2018-03-01,2673,1
27a063840a00d5f2e10164bdf37f7a40,1,38.71,3,2018-01-26,2707,1
14dd8f53301c41af3243ed5ad0c9260a,1,177.31,5,2018-06-21,2561,1
4c01cd397da9c3d496e8ac9db71bf078,1,45.32,5,2018-04-02,2641,1
bdfe2149db79b5a84c482c3a98ad355e,1,50.83,5,2018-07-22,2530,1
e3a4077cf3ad106c942f8a682505eb97,1,191.76,5,2018-07-01,2551,1
b2b363be24ab9e279950e7f031ed1d7f,1,48.1,5,2017-07-23,2894,1
9abf606fc27c284b79f293ca455f99f5,1,64.44,2,2018-06-23,2559,1
3b1787e218ba00444ab1241b033cee16,1,77.57,3,2017-11-22,2772,1
fa4418ffe30b31c317748e51ff5171b8,1,741.45,5,2018-05-21,2592,1
f92826b2c53b8ad8aef98bdd94c0043b,1,288.13,5,2017-09-26,2829,1
00bf77539bad79ed21c55cdea4375985,1,42,5,2018-02-23,2679,1
73b76f59bd2fc55339da0a2aa50de623,1,204.49,4,2017-03-02,3037,1
7801e6f89ef28e7c965f135c0f6164c6,1,46.76,5,2017-09-15,2840,1
f5c36ac199073a62861ebda86e8cc725,1,263.47,2.5,2017-07-13,2904,1
1e929f9854a78461ed6cecf42cf66996,1,149.7,5,2018-01-29,2704,1
18756b8f42ca01e278e8a6986d58cf15,1,571.22,5,2018-02-26,2676,1
4498cfb1d873a0d5a66735f01cbe8246,1,88.58000000000001,4,2018-08-15,2506,1
79a352b2df05acb7c28bbaa604eb20c7,1,87.7,5,2017-06-22,2925,1
a829a6f302fc834aa65e2af9f306c7ee,1,423.98,5,2017-12-13,2751,1
4beaef2bfcefa982f3662823c9064973,1,75.65,4,2017-09-18,2837,1
7ce8328be37a31141dc350427d967caa,1,315.84,4,2017-12-19,2745,1
53e16f83735cfe02bf83ef6481ca241e,1,62.11,5,2017-12-04,2760,1
235d9d7aee389f873ed0b5e437d90fb8,1,282.27,5,2017-04-23,2985,1
733c47cbefbef886d7cea3f0c37fdb22,1,84.3,4,2018-08-19,2502,1
6b4f0a05f4853abf220b4b251f54c903,1,551.49,5,2018-04-20,2623,1
01998a22ca4b0c83aa13f2e8bec67c81,1,39.17,5,2018-06-25,2557,1
d2e68d3ebaf2dc8deaf4cd28ec5c9da7,1,185.74,1,2017-11-16,2778,1
79c07db4dd2ebdf63826672146b15128,1,99.43,5,2017-11-17,2777,1
05210824bd5081b43f29e2ebe91dca02,1,369.6,5,2017-10-25,2800,1
79d0eed454d5d063bb319ade0609434a,1,71.14,5,2017-08-29,2857,1
dc30494a7cc1b61f81bb79af9447b4de,1,108.21,4,2018-02-21,2681,1
ca49a9c7520f200db472140d566f4934,1,87.16,3,2018-04-29,2614,1
9076176abe8c4a7ffa804d50816e9eb3,1,117.65,5,2018-02-23,2679,1
43d8dda77403e74d05428f5b92b15d2e,1,144.21,5,2017-08-15,2871,1
fccdeafeeb46d7a1e258e97b5801db6f,1,51.75,1,2017-12-20,2744,1
536776a02f0112fade5744985be0866f,1,50.23,5,2018-04-13,2630,1
f358737ffa6369c7c39875bb5ab81cd1,1,23.29,1,2018-07-30,2522,1
e51234890e1956bd1cf29cbbbbb42171,1,83.13,5,2018-07-09,2543,1
cb95eb60ba3fcca766af7a54daf3657e,1,173.46,5,2018-05-26,2587,1
79e6d859cf83e9bf76a07629ca91a49c,1,105.08,1,2017-04-28,2980,1
de7d8ea6e5d44f6cf363c95aba118de9,1,337.9,5,2017-08-12,2874,1
bbae997921c6e65421735700fe529155,1,151.24,1,2017-05-16,2962,1
69cf4a24c1d0f920d30e57a9375ec0f7,1,32.84,1,2018-02-17,2685,1
f822b1c76826e07be34e43ef896901ee,1,113.45,4,2017-03-02,3037,1
57f2f8e668dbebe70d744e81b09c5688,1,73.49,5,2018-08-15,2506,1
8b0f765ca8052238d9a3ac3949b4f52b,1,66.99,5,2017-04-04,3004,1
13cf58797ee635bce7358bffda96073b,1,44.18,5,2018-08-19,2502,1
8d1e0ca8d222c0b8f191595745c00b48,1,282.52,5,2017-11-13,2781,1
8323f575b8ed7b91e5856f51f7e33684,1,187.59,4,2017-12-22,2742,1
5d74d4946913c1e86db6ea898dcf43c7,1,125.15,5,2018-02-17,2685,1
a0e0e61ee7da5fc5cc8333cff7f4e90a,1,218.48,1,2018-05-29,2584,1
a32cf4f044238acfab8c098cb43bd3fc,1,115.36,5,2017-11-15,2779,1
dba30f3c501abf84dd57a54fd03443ec,1,17.87,5,2018-05-21,2592,1
6087008160873cf7d0e58b1de1f5e048,1,83.63,5,2018-07-04,2548,1
c61893d0d6060132b88af016afd5cdb1,1,209.86,4,2018-01-20,2713,1
e23c9cf06f2d414074d2d3d00ec7ecf3,1,35.94,5,2017-06-18,2929,1
1d2b80dfe191a690569d02080deec210,1,88.95,5,2018-04-24,2619,1
7f0ca17bb33b230b47459437cf0682c7,1,111.51,3,2016-10-04,3186,1
d3fa2b41958a719ae19f1b4daeed98cb,1,1214.65,3,2018-07-05,2547,1
77da57fc4d1c3f144250271fe00ac924,1,185.75,5,2018-01-19,2714,1
7b04db5fc2871791e746a62523da9dbb,1,194.64,5,2018-02-20,2682,1
dc0f64fb88e567f9d8ff195dcc36f332,1,47.05,1,2017-05-06,2972,1
1e963b5f838512cd33a77e603b7098fe,1,188.32,4,2017-07-04,2913,1
8abea2586885adbb1203c365be1518f1,1,62.33,5,2018-08-13,2508,1
dd9fd7139e2f57b063f3ac0d911b9b6e,1,105.38,5,2018-06-10,2572,1
be10f8d6a8eaf7abc4b481e668f080ce,1,53.98,5,2017-07-04,2913,1
1bf6f19443d0486c3b72f74b7b4caa40,1,80.11,4,2018-02-05,2697,1
0c95f1404cdef95cb34818ac3c9bf02e,1,32.72,5,2018-08-20,2501,1
b73be6f00df5391f3b315935ec0341ef,1,296.03000000000003,5,2017-04-07,3001,1
bf5ed97bec9672df528c128bc44f28ea,1,125.42,1,2017-12-13,2751,1
f3ab792588cfcc343d4c21098e34706c,1,36.17,3,2018-01-30,2703,1
5127ea0ef8fa50726cca353b637500e6,1,167.77,4,2018-08-15,2506,1
04065ecc8bc4cfd1228121cd5426e8db,1,174.73,5,2018-07-21,2531,1
4fbf0176a2c1388737959517e72c01fc,1,236.48,3,2018-06-09,2573,1
d54371af4fe03138c67f7ad33c8986f2,1,93.28,4,2018-01-17,2716,1
9d2b760186a269cef1fbac0a2e6e56f7,1,728.74,4,2018-08-13,2508,1
a08ee5910f78d3f2b79a0e861d0c6d6b,1,197.51,4,2018-05-29,2584,1
315ddf3319e828ec1a76fe9fb3b4797b,1,156.15,5,2018-05-13,2600,1
8e0d0cfab72f733812ae2f71669ce2d3,1,46.54,5,2018-06-11,2571,1
04e9f1c738a73da01163495783f0a314,1,97.92,5,2017-11-26,2768,1
a68021e914fb8d880d37ebdf4a8730a3,1,126.68,5,2018-05-05,2608,1
ac6dec66b774a07045cdd6078ec77e46,1,300.78,3,2018-02-07,2695,1
20a043e654e799b1b633644c0f1e17ed,1,62.5,5,2018-01-22,2711,1
cc2e48332039640e42842bdcd64fe4e2,1,159.69,5,2017-09-30,2825,1
ad12987f0baa11e225e27f71cb1cfe3c,1,124.13,4,2018-03-26,2648,1
d240701e28474e8e538c7665b899f3c0,1,168.03,5,2017-08-21,2865,1
fbf87c24c2ea29e860cc8d80cc4728e8,1,58.95,5,2017-04-17,2991,1
4c239802ee77c68a42af4eed24eb6e0c,1,227.82,3,2018-07-16,2536,1
fa4182fa28e02b3aefc1f6c07f26ecc1,1,64.44,5,2018-08-10,2511,1
c945ee71ab489fc5275348dc98236bed,1,39.9,5,2017-03-29,3010,1
4470f5bf4d0a7555c361002dd3f7142c,1,836.67,5,2018-01-15,2718,1
5e05dbfb2e5b6bada9b84f860d447e70,1,52.69,5,2018-01-18,2715,1
25b649c6c09ea11139ef9c010e95082b,1,360.89,5,2018-03-05,2669,1
dfebcf7db4ef8d9311b198edd05a0514,1,27.38,3,2017-05-28,2950,1
b115289c6d87919f75818000a658c14a,1,288.76,4,2018-03-07,2667,1
76b409766dcff895c8dcf3f3297baddf,1,94.3,5,2018-03-02,2672,1
664f8c510001481c16102dc8db9cffb4,1,76.08,5,2017-12-12,2752,1
a86adbdb7f880f2e49c2c8fb1d06d79d,1,38.68,4,2017-08-02,2884,1
2d2d3841593ef0eb759cc05946cd6932,1,191.58,5,2017-07-27,2890,1
fdee1c008d209f16a3e03c17ad4e2bf8,1,38.09,3,2017-09-12,2843,1
3ba2431d39a1755e6f02841aec4c098f,1,35.17,5,2017-06-06,2941,1
ea3d26a484fac72fd517ff2455ff3cf0,1,107.23,5,2018-08-09,2512,1
c3a7a7b4bd95621678748140d8dbc7c6,1,260.52,5,2017-05-10,2968,1
2bf0486fc0f5e5a9268f10be44770dcf,1,235.13,4,2017-11-23,2771,1
3d4468ce8d2cbae5ded23093c9e039e2,1,147.35,5,2018-03-06,2668,1
1b7c59aee917c754933d7e4a4a80d717,1,25.1,5,2017-08-21,2865,1
90f95d8ee6174e4409aeeee472735afb,1,2027.26,5,2018-05-04,2609,1
bf5b6c001d40c88dab0e26b417a1e5bf,1,235.92,2,2018-05-08,2605,1
a85426566231cdc8739aa30a0aa5e031,1,32.29,4,2018-05-15,2598,1
1a46d7bb3dc763ad243729435e87b3b0,1,50.5,5,2018-05-08,2605,1
746bddb69f99312941dd5bda532a3fd8,1,27.88,5,2018-06-11,2571,1
10379b9c45fdd660f505c19bb5bb87d8,1,83.41,5,2018-01-19,2714,1
c1f56744ed96f4d691e31f2d786b6484,1,145.88,5,2018-07-16,2536,1
87d4558ba089b9de00cd95e95f1d3c1b,1,30.04,4,2018-04-27,2616,1
41bd8f0bd48218356c5a35614de0465a,1,197.26,4,2018-04-24,2619,1
f9985b23d4ca672f9b3086de24187772,1,110.1,3,2017-11-06,2788,1
2805447663b020f9856bf71f181193ac,1,153.52,1,2017-07-10,2907,1
e5df8e6b6b461889d592f9c6cf406e87,1,215.77,4,2018-02-03,2699,1
19a02e81ab73daae664f1a5836fbafd4,1,83.57,4,2018-04-09,2634,1
24ee1aafc38ba4ae08741da0bd57520a,1,167.2,3,2018-01-01,2732,1
b555736176fc35687ca2606ff18789be,1,507.82,5,2017-06-05,2942,1
b0727414d186922327c74eafb813d14e,1,165.28,3,2018-08-07,2514,1
999f1c0594fe8682e523baba67be6959,1,100.76,5,2017-05-04,2974,1
1f2a03c677c86725f29a8bb0917c6a51,1,62.59,null,2017-11-10,2784,1
435372b49a3fe1855aa3c30b1f3ffcf4,1,129.54,5,2018-01-22,2711,1
8902d99db31e2ecd6a35fcbb772dee93,1,351.54,5,2018-02-05,2697,1
1234431d00a8ee163e2c58e7c699ff0c,1,90.73,3,2017-09-09,2846,1
b42b25490bee1f192dcb015b6f4c60fa,1,155.34,2,2018-04-14,2629,1
b8e2ff2733e0495f2d4a92032a74dcd7,1,59,5,2017-07-13,2904,1
2dc80e5f49de760e355af287ed29a984,1,36.69,3,2017-11-16,2778,1
6fd5c3c0b0a188b36fde59515da3f790,1,365.38,3,2018-08-10,2511,1
8efc8e00b4373776f0f3543e043fd768,1,188.51,5,2018-03-14,2660,1
aa57e2ac661dae06e72fd085abc4b249,1,57.53,5,2017-08-14,2872,1
3a41a5aa21ed1eac4f6610e89ab5309c,1,71.81,5,2017-07-12,2905,1
df754dc98698ef596762561b4a9a9f1a,1,319.19,5,2018-07-20,2532,1
105c098c8540261c006c95d3ade77198,1,321.82,4,2018-02-27,2675,1
365adfcd960eaab19ba5e79e34d30b03,1,104.91,5,2017-06-13,2934,1
adcf20154e399679df12c29179fd8e44,1,54.33,5,2017-02-22,3045,1
22a330de6f63a8d1631ce94b17a4fafe,1,101.71,5,2017-07-24,2893,1
1732351234779d12dcc355581d02d7b9,1,137.8,5,2017-06-08,2939,1
e30789f0affae3929e6e450e854def49,1,273.83,1,2018-05-06,2607,1
631c90faa88b1f2e61a640df5ccf5ab5,1,195.68,5,2017-09-26,2829,1
f7692196c74198c07989ffaed4402a68,1,111.76,5,2018-08-12,2509,1
edd42935e92c9d18e1243d2207f2ff7f,1,446.36,4,2017-10-17,2808,1
bb7d9373739134ace47d311b0d92e64d,1,112.02,5,2017-07-18,2899,1
3afb4376b76a9615a6c548f25dcb251e,1,51.78,4,2017-06-25,2922,1
030257ba7c48ae61d88268f4c4abe59b,1,66.64,4,2017-11-23,2771,1
0f4110e56d8b37cc71853e8bbaef9a5b,1,89.88,4,2018-01-05,2728,1
a16eed7eaddb6cf559c6b32df27dd40f,1,34.05,5,2018-01-09,2724,1
0c0c378a0c0fbd00be4ea9cae4dd36ad,1,599.05,5,2018-08-07,2514,1
a91aaf744244d91f36c917061c2568b0,1,666.68,5,2018-01-12,2721,1
306cec97b910365317da80598f923435,1,53.75,5,2018-03-05,2669,1
c747a54b89b53e15bef33f5d55fe2a6d,1,443.77,4,2018-07-22,2530,1
2672bae170e6ce851be3c99f4b24b85d,1,37.53,5,2017-11-27,2767,1
aef8ddfeb225f0a6077b0764c1d6a9f4,1,69.5,5,2017-07-11,2906,1
569411b5613e1d725f474e671d1d19b7,1,42.46,4,2017-03-06,3033,1
596c05f5c6499d19b77e5e1c946116bf,1,29.29,5,2017-07-14,2903,1
5bfd5c9b641d1cc6da293adb821253ce,1,29.34,4,2017-10-13,2812,1
8ad4ecbaa69e3b0119cadae300bd88f9,1,261.82,5,2017-02-08,3059,1
4dab6a9558a5b8884eab4e5abfa71a76,1,84.83,5,2018-08-13,2508,1
ef6fffb44c4dd02c0e35d6b6f9acf31e,1,185.76,5,2018-06-02,2580,1
eee74b2a9aa0989243d2793c1a90fbf6,1,310.69,1,2017-10-11,2814,1
aafa66416bb386613deb6a1b9c9ff082,1,312.25,3,2017-04-29,2979,1
acf35fc5626ae167e8e2089a15cc517b,1,50.26,4,2018-06-06,2576,1
4213680dae0d52274e4bdaeaa7f048c0,1,77.57,5,2017-10-03,2822,1
ac89ebd5f9c1ee754571497f4834218c,1,243.11,5,2018-03-07,2667,1
539758b1f5c9ed62617d6e9cc64c4bc3,1,103.43,1,2018-04-13,2630,1
67bc584f10fed53edd399d3c4cec5736,1,61.42,5,2018-06-29,2553,1
d659428755680b7c518a5409d40bf90e,1,439.33,5,2018-08-04,2517,1
edd688bedbae9130ccbc99b6826b2381,1,55.23,5,2018-03-30,2644,1
f4769d117ddc1a77fac0bca65513614f,1,37.69,3,2018-04-18,2625,1
d47b24ad0d00bb48276d1d0052a3dd3a,1,26.18,5,2018-05-21,2592,1
41f7392232f044ac07529df63336f9bc,1,107.02,3,2018-02-21,2681,1
207b2bd9ffdda81bdc8af0c03f5e3807,1,215.14,4,2018-02-07,2695,1
b83ddd8a3dc792e59a8dc90d05f6840b,1,85.81,5,2018-06-19,2563,1
8669084c7710ae61d2516867a50453ca,1,222.97,5,2017-07-03,2914,1
75cd9dacc8b13a881bba4a7c9b63a13c,1,191.4,3,2018-07-23,2529,1
b04dacc5c80ac9337afa2f4791f92f45,1,205.99,5,2017-11-19,2775,1
77104608a51ca163093b261e44fc8cd3,1,79.93,5,2018-08-01,2520,1
b6fd5c47ae1a019bb093ea2333e47771,1,291.58,5,2018-03-30,2644,1
1e9d08279906bfa93811f5d8b8c92523,1,39.42,4,2017-04-01,3007,1
1f50abd4b365778f654d8ef95952c1b7,1,42.78,5,2018-02-28,2674,1
c59a4c0d6a4569a272f28487ede54c16,1,46.22,5,2018-03-31,2643,1
f2ac1a7631ac7ddebc1adcd171f7e2ac,1,34.86,5,2017-02-20,3047,1
0598384cf66a6bd49ac0c725af1c74e7,1,56.78,4,2017-10-21,2804,1
eb4078d965b4019b0d9e1106e910f788,1,290.48,5,2018-03-08,2666,1
37735129555bd983d0fc87bff0f32d4d,1,93.33,5,2018-06-26,2556,1
2445f5abc357155e6dc516632b02bb21,1,237.68,1,2017-07-03,2914,1
6832faea23b41f6821642d1933cdee33,1,40.99,5,2017-10-21,2804,1
b76aea676aabdab15c3c30fd1a8c5536,1,271.92,5,2018-05-06,2607,1
1f68e24da06f36cb8a5243e23c390bcf,1,305.89,1,2018-05-07,2606,1
0353311decd3615e5c4c03b4595e3e27,1,157.42,1,2018-04-24,2619,1
24201200dd7b24c594a08859553bea30,1,254.58,4,2018-08-10,2511,1
cd50e29db5b175effda4b995fb44d298,1,228.01,5,2018-01-26,2707,1
5e5ad7cff3ed055c3bc4a0887aabc091,1,75.77,5,2018-01-22,2711,1
c23d89873e1409800be59042623d71bb,1,368.92,5,2017-05-31,2947,1
c458c4ffe58158d0ea839472b03caa02,1,330.46,5,2018-04-23,2620,1
338fad4bbe7bbf239e0077d785f8ca18,1,45.05,1,2018-03-24,2650,1
be36c3eb3390bd59d4848e5b7054d5da,1,47.69,4,2017-11-19,2775,1
3707669efeae29044e39ea9b2bfa9f32,1,173.02,5,2018-07-26,2526,1
416b9ec8dfb172a88631c946b7f4ab85,1,202.62,5,2017-04-18,2990,1
8959f0ac02b89693bdaff818e5a09176,1,328.17,3,2018-04-20,2623,1
d3031e597fdc0a4caed9df2944042fa9,1,137.5,5,2018-06-05,2577,1
5fee1b2849ca2ad8d845cdb451b6f548,1,324.89,4,2018-06-14,2568,1
ddcd29ba4b3448376551d1c303c24fb4,1,51.6,1,2018-02-13,2689,1
b2f3350f0fcfb2df7ee8900d9fecff57,1,122.5,1,2018-02-14,2688,1
55ca07ff32dc30f00ded4c99f8ea9124,1,86.64,3,2017-07-06,2911,1
b6113cb31237fc5caac3837be20c02ae,1,77.59,5,2018-07-30,2522,1
24c1ee3d22885f0d3fb09b80546ecbb7,1,150.14,5,2018-02-15,2687,1
445142fa82cc963d206dba6b78f96427,1,116.94,5,2017-10-22,2803,1
24de916f5673576a34a53802514a1350,1,35.36,5,2018-08-03,2518,1
85d38a7cf0bc297a30b63f4e174e88aa,1,74,1,2017-12-12,2752,1
f66a0a5603fb1d09eee7fe496b1024ba,1,94.3,5,2017-10-11,2814,1
cb818de8f7d11c8f30c1da79bf92f3d9,1,67.44,5,2018-05-08,2605,1
e8cada88df871b1ff0f51fcbd2a724ca,1,85.08,4,2017-12-02,2762,1
1c767a3c2776ca26f4c440f651362aa1,1,74.26,5,2018-07-21,2531,1
a7d57addeb2318a047fac951b35db06a,1,195.5,3,2017-10-14,2811,1
57d4f3e86af974333c0d0ff941d9f2b7,1,26.68,5,2017-06-20,2927,1
f9ab8d437b0f992dcf5110f604ae1c26,1,138.08,5,2017-09-23,2832,1
66446be15e059663cab1f9b17cf6d3a2,1,176.68,1,2018-02-27,2675,1
3e345e7e395a3ddd11abf786d6d74e3e,1,189.24,5,2018-07-23,2529,1
bdad4e91371fad706d6ef1e25c823708,1,42.06,5,2018-03-01,2673,1
c6fee9456b9b3eb0238e6a00751064b0,1,42.35,5,2017-03-21,3018,1
a8d980404042b0e0e8c75c965f61d036,1,59.1,4,2017-11-16,2778,1
e7762e41533907d1aee1c0b0e1b31785,1,138.16,5,2017-11-22,2772,1
9310deea6432dd2625106c03b88b7c83,1,188.42,5,2018-03-06,2668,1
8a8440c5a7fd24d8bd07df72f6abf753,1,37.62,4,2017-05-22,2956,1
d197a95f50264651f6bfda48051ff614,1,89.67,4,2018-02-06,2696,1
ca7be09be15919bbd9f41de9a68d34c0,1,93.32,4,2018-05-16,2597,1
7ee577ddd7ce2caa771bdc7be6c030bc,1,107.8,1,2018-05-01,2612,1
00aa3aa0438ac8a9e8a9378171ccd055,1,34.35,5,2018-08-13,2508,1
8b051f11fefcaef147e92e51bd135bb7,1,49,5,2017-08-02,2884,1
15e7ed68c86d784a6295c7b6a94673e9,1,318.61,5,2018-04-17,2626,1
7793ba04890e84aee53d94009056bfff,1,42.11,3,2018-08-17,2504,1
0c7ba0b11923d9c8bad61bfdcd6b3b2b,1,21.28,4,2018-08-13,2508,1
b1ce93bb7fef49deb9c3ba4ad28ba1a7,1,48.85,5,2018-06-15,2567,1
76ffdd319555663e8a28ed983516ca28,1,166.63,5,2017-06-06,2941,1
fa9df1d2b3ed5aa06027b89a34ec272a,1,198.96,5,2018-08-04,2517,1
5c1f704b7692629f2e6ab705487f17cc,1,83.94,5,2017-09-22,2833,1
d123e124664159a19da41685ea47a13a,1,598.95,5,2018-03-09,2665,1
e937151346d1bec664f5b80cd798bdd2,1,818.12,5,2016-10-05,3185,1
9be4c248c54c3cbb40d2dfd23461cab9,1,52.53,5,2017-06-27,2920,1
06656bf78bcb39c3852e16abd900c1f2,1,174.41,5,2017-07-31,2886,1
b3a8edbe3d4e629117a5a9458aa6cfc5,1,80.73,4,2017-06-29,2918,1
ee5b048a2bbbcaa49900bb4e0fa515c9,1,66.93,4,2017-12-16,2748,1
2299f339f282db1423e54ad4155e00e3,1,99.75,5,2018-05-27,2586,1
ce976f549c104536bfe1468454154b35,1,87.76,1,2017-05-04,2974,1
113e46e208d4e04bc6ef60773696e631,1,284.9,5,2018-01-23,2710,1
60f940bfe3cbbe38b1f7fe69d303e768,1,141.78,5,2018-08-22,2499,1
ad17aa4275b1b22d7add92a895a5d640,1,112.91,1,2018-08-21,2500,1
a2e02f003a155f5ca89a4fd48cfe2068,1,204.88,3,2018-01-04,2729,1
11e9bbf2b2029587516b04cafb81a3fc,1,54,4,2017-07-08,2909,1
213b3c211d63fb0852d95fc3b7a0a243,1,84.52,5,2017-11-24,2770,1
9be83b1a15980ed71eadb4dff917fa29,1,76.85,5,2017-03-29,3010,1
6e4e92020773c17f824fcec1f80d11ef,1,114.57,1,2017-05-02,2976,1
282ab86c49646e5a18507b088ee0d74c,1,56.5,5,2018-01-22,2711,1
4ccd20adf1bd2ac9b5a490d9a5ee2b75,1,348.79,4,2018-05-16,2597,1
d8b3b1bcf1aef3174859a70001a5f3fe,1,145.58,5,2018-02-20,2682,1
3e72dabf2c10a14d047233a3823ddce1,1,120.64,5,2018-06-03,2579,1
aa5b7785199c225fb6938bf1372d6026,1,42.27,5,2017-12-15,2749,1
d13bbecc49b17d5666a341f4151cc680,1,114.85,4,2018-05-16,2597,1
82808ea6794ed5643bd23f65508aed70,1,49.14,5,2017-12-12,2752,1
62b1788eb836d7afcfc0c229b9a68887,1,114.79,5,2017-03-23,3016,1
879ba647fb33e5abbc085e25df942716,1,167.48,1,2017-03-12,3027,1
35db0c2edcd70d3ebd5cdc04b009ae38,1,139.04000000000002,4,2017-03-11,3028,1
2354598cc2ca1735aa0ed0994a6d92b9,1,67.36,5,2018-03-24,2650,1
a49d53ba51c7b50622b3b2ed6e5b9312,1,27.15,5,2017-12-12,2752,1
c08918207829d5bf956a43e7de410bb8,1,99.9,1,2018-04-25,2618,1
5c6aa01a2dd25458cc58481f40a25bc3,1,86.14,5,2017-03-31,3008,1
2d7932246f97f6a45b82a77fb4c72d4a,1,129.11,5,2017-08-15,2871,1
71eaae96fb41c592ccc7473f6ea3e917,1,383.08,5,2017-12-06,2758,1
4d92a80d65b5edabad7ce77c4beaafae,1,139.15,5,2018-07-02,2550,1
1c37caf11970a567b7fa4a716175d250,1,81.99,4,2017-12-23,2741,1
e4dd07851ecba1fb21515fbde984dda8,1,207.27,4,2017-12-13,2751,1
73d6e52130a752531279ac4642c5ec77,1,91.51,5,2018-08-08,2513,1
13be143b779c1915b1c83bb20bcd6831,1,192.66,5,2017-07-25,2892,1
f07bf0addb00665b70642dbac95605e4,1,149.71,5,2018-05-24,2589,1
c2e3af310bc1697927b089ce04f87c6f,1,97.49,5,2018-06-15,2567,1
0df62d73f1108bad0d46174874a5803f,1,79.81,5,2018-01-17,2716,1
7da9a89355550dc1056ad9d8a9a7028b,1,133.25,5,2018-05-18,2595,1
fcf9457fab222f5249e3784ceadcbc32,1,65.94,5,2018-03-19,2655,1
162eb826a0678ae969912c2f4edf358c,1,208.91,2,2018-04-16,2627,1
473c4280bfa2ad9e66ab0d9398ed4e1f,1,283.88,5,2018-05-01,2612,1
5508ec6bbd4b69597f6948ad2ff813c4,1,116.66,5,2018-05-02,2611,1
8bf91721f97176a3e2a6f8a524355768,1,194,5,2017-12-06,2758,1
6c990de7a53efea103cdc236119b5c1d,1,153.1,5,2018-08-19,2502,1
8292e9df852ab7fce9e1bafc08870878,1,242.62,1,2018-08-07,2514,1
6eb471df44130aef54f5b6b37fa68085,1,216.83,5,2017-09-13,2842,1
9f8afaa4902b9196098e0c341bbe683a,1,43.41,1,2018-07-30,2522,1
16495aa2054f83a2b39ef5a5e7cab72f,1,48.95,5,2017-02-20,3047,1
900cedeb67660eb8320be7251896da7e,1,161.54,5,2018-02-12,2690,1
0e9c4e44b69e8121a012447298f5e71a,1,34.34,5,2017-02-22,3045,1
c6115051e3b73e42d077737f473a69fe,1,84.14,5,2017-05-23,2955,1
359154f73b6e8ebb538109ed96becdd1,1,317.4,4,2018-06-24,2558,1
cd5099b0fc495ab22cd35f7a060e395b,1,389,5,2018-02-02,2700,1
5bc80b3b16512dac479fd0659856a37e,1,89.36,4,2018-05-09,2604,1
4bcdfec47d428bc21fba087afa21d416,1,30.05,5,2017-04-20,2988,1
0c1e0458ba5d882b1b85cf1b80528ef3,1,735.85,5,2018-01-12,2721,1
807158bef6145c422525d5413be80338,1,84.16,4,2018-03-25,2649,1
7a7c03568e29f4605e807a6d5344e72f,1,413.97,1,2017-12-19,2745,1
a6fbea1bf9c455de2ba3f34d3564f5a7,1,26.77,4,2018-01-03,2730,1
86a715bc70e5d0bd5c0e0f7c027f124d,1,52.49,1,2017-07-03,2914,1
00502500a53243e07961383bf1a6fa82,1,71.92,5,2018-02-20,2682,1
94fc7152214303f351fb2a3a171d8386,1,344.61,5,2017-12-18,2746,1
2ec3c08e30b58b6ecb63f16a7e3d9802,1,83.24,4,2017-05-20,2958,1
3d0d83ac2090c8d591dd28ddd943f093,1,140.08,5,2018-07-03,2549,1
93944abdbfeb7951bca77d6c3beaff45,1,266.42,4,2017-12-06,2758,1
df1c0d10b952370cfaf589b4f7c615b5,1,53,3,2017-06-01,2946,1
ac63a50f1e7e18461fc6167c1a1152e2,1,43.85,5,2017-11-30,2764,1
ba33a4cae101690de645fad078ba96f3,1,70.15,5,2018-02-02,2700,1
79e4f604f0dd8a921403af5d17c708e0,1,37.09,2,2018-01-02,2731,1
981408ecd1bd02aa4bb69a5f85c452a3,1,123.18,5,2018-05-30,2583,1
8cb9c96288df5e44d44d767b4d3c4cc0,1,133.18,5,2018-01-23,2710,1
c4b3853cb43c44b695d2b86cb2b0b9b4,1,113.15,5,2018-02-17,2685,1
8c6eb8cc62ec4775e56cd5a96647bad4,1,111.6,4,2018-04-08,2635,1
f176e43ae87e9456af2f9bed9243b93d,1,103.5,5,2018-04-10,2633,1
b384da580de5e67a8bc4f8f585fdebf6,1,78.37,4,2018-01-25,2708,1
77a0678c369e67b6a44651440e613ca8,1,61,5,2017-09-19,2836,1
1964cbc4f686c7de6ced7a1e10479987,1,104.18,5,2018-02-15,2687,1
a9adc0a6fdf1a3ef897aaae459de857a,1,27.77,4,2017-06-12,2935,1
7b514dbab8ef621b561b03831b31f9e6,1,554.4,5,2018-03-03,2671,1
6aea87f3af81dfe06c69c1699deb5bed,1,47.71,4,2017-07-09,2908,1
9a146f5ad6a05d06cae2ddcbdcf3acda,1,77.66,5,2017-05-12,2966,1
6984d553bdba003e79e931721532a9af,1,159.12,5,2017-03-09,3030,1
e45214e727c4d66ac900b16953722fac,1,44.09,5,2017-08-04,2882,1
06323ee39c5605bd9e243f9aacdcbae7,1,589,5,2017-10-17,2808,1
51324c94dbedd0d70823744ba9d51225,1,173.82,5,2018-02-16,2686,1
f03d501fcffc9f7e97ab7c8f07c6fd89,1,87.71,5,2018-02-01,2701,1
e1cd35b190e8d2206aaaa67610b15b68,1,162.44,4,2018-06-15,2567,1
04ac91a37da7d16302790620cd39449e,1,116.94,5,2017-07-09,2908,1
8a717a19b689087bd31b9b2241003871,1,347.52,5,2018-06-03,2579,1
755b33a76efee89126040aff62c1ce3f,1,75.07,5,2017-11-05,2789,1
e64813a1e1c56c5f628d71d62b69fe7c,1,49.53,4,2017-11-24,2770,1
295ae9b35379e077273387ff64354b6f,1,43,5,2017-07-31,2886,1
30dbe53824b3fc7614a23fdfffe04359,1,172.52,5,2017-09-19,2836,1
5804bbbaa7d649033a0587b33b6d76a1,1,353.42,5,2017-11-25,2769,1
337777c42930fdd4a72cad8616a3e36d,1,365.61,3,2017-04-14,2994,1
1a859c233e18bedde49604e9c61c3883,1,72.75,5,2017-11-09,2785,1
ed4134290a6458712e109a4c68171571,1,198.13,4,2018-03-28,2646,1
7b148cdb1e2ddd4530a9b2fbbde329c2,1,86.36,5,2018-03-30,2644,1
a0352e4aa2fdae6ed07559c88e1a1c00,1,341.02,5,2017-08-22,2864,1
05caeca974b480263d5037c56d9cbcff,1,69.23,5,2018-04-10,2633,1
255ff8d111e16367aa2404897e198547,1,16.09,4,2018-06-09,2573,1
05f31c9645c6cd60123b1d035e274ee2,1,18.04,5,2017-12-27,2737,1
f07928d150a941fee3793cbfa6e62e1b,1,78.18,5,2017-09-06,2849,1
44a03629944ecb00a4bd905084845f56,1,762.4,5,2018-07-31,2521,1
12263c794936bb8d261c59e7a5edb234,1,349.76,4,2018-08-05,2516,1
3c12346ea1f05ce151ba3029c1cbf60d,1,283.66,3,2017-04-03,3005,1
cc651839aaf53eb034cd0c8066e266d5,1,87.03,3,2017-07-13,2904,1
faf0dae677e3f41793027d0a8ee9e899,1,48.6,4,2017-11-19,2775,1
7c890e1074247209ab7d32ff9a295ed1,1,90.44,5,2018-04-15,2628,1
8d6b89c0cd78938a832e751972e394f2,1,58.03,5,2018-04-18,2625,1
2186e05589fb7bdf450cdb18696915c0,1,94.72,5,2018-07-22,2530,1
0f43bb156644d11c7824d6ea4080b757,1,219.06,5,2017-06-26,2921,1
0e5ebac2ab9ea7902884df925ce4db6d,1,41.75,5,2017-08-17,2869,1
fbd371b9acb73b3a6c0720cfdb0ad7b5,1,265.95,5,2017-09-13,2842,1
2f29573c8cac5a7be11c5b649078f944,1,29,3,2017-07-18,2899,1
147ea8ab00e6417a666c1b9921b64be4,1,31,4,2017-09-27,2828,1
f991d29095eba5f61d63b568250724db,1,211.67,5,2017-12-27,2737,1
57efbdbebfe89dca4b188321e6517263,1,82.33,5,2018-04-14,2629,1
a4cae79ac295e2cd44cb11b2f2cac467,1,127.44,4,2017-05-19,2959,1
678613e53fedd1b361741cc7e3cab048,1,56.95,2,2018-08-03,2518,1
f25016ac73279ad09553297de654c03d,1,126.66,3,2017-12-28,2736,1
b660ecb042da66e115e9f902b131de32,1,315.54,5,2018-08-22,2499,1
a1940d4b5b10dad0932c10d510ef0694,1,35.13,4,2018-03-23,2651,1
6d5d8bf0bd779f372db4ed11ca72b514,1,32.66,5,2018-05-01,2612,1
2b2d359a435f18e958b8a5671b9acb4d,1,308.12,3,2018-07-20,2532,1
79fe43e014435439f7e9d753a4bb720e,1,64.1,5,2018-01-31,2702,1
de481cb60487d1171ef850f3d818467c,1,163.81,1,2018-02-24,2678,1
fd2ca161eb019112dc7215d72b574e9e,1,51.17,1,2018-08-18,2503,1
d2086bed6bec231d8db6a6158cc4b407,1,59.6,5,2018-01-05,2728,1
919570a26efbd068d6a0f66d5c5072a3,1,115.45,1,2017-09-17,2838,1
058b4cfa2da81472fbfe410a03f536c7,1,122.5,5,2018-02-22,2680,1
2007223e672598a56eef0066fd02531c,1,124.18,5,2017-02-23,3044,1
20a73b83014dca8ee7bfe6fc4a4692b0,1,206.87,5,2018-06-04,2578,1
ef7d14a8b9f97073b747a5434e4cf7f0,1,171.44,5,2017-07-19,2898,1